LDSKU,Product Name,Date,Weight,UPC,Manufacturer,SKU,Model Number,ReleaseDate,CreateDate,MSRP,Qty Alternate Images,Product Image,KitInfo,HSCode,ScheduleBCode,HSDescription,CaptureSerialNumber,PackageInsuranceRequired,SignatureRequired,PackagingPreferences,SpecialProduct
286885263,"Bar & Chain Combo Pack 14"" Fits ECHO CS-301 CS-303T CS-310 CS-330T CS-341 CS-346 CS-352 CS-360T CS-370 CS-370F Part Number  16A0CD91PX",3/14/2023 12:44,0,,,ECH~ 16A0CD91PX,,,3/14/2023 12:44,0,,https://www.echo-usa.com/getattachment/599fb6a3-3a79-4c30-93a9-015118158f90/v2_ECHO_ChainsawAcc_16A0CD91PX_StaticShot1.jpg,0,,,,FALSE,FALSE,FALSE,Corrugate Only,FALSE
286885264,"Bar & Chain Combo Pack 20"" Fits ECHO CS-590 Timberwolf Part Number  20D0AS72LPX",3/14/2023 12:44,0,,,ECH~ 20D0AS72LPX,,,3/14/2023 12:44,0,,https://www.echo-usa.com/getattachment/40796864-d67e-4bc8-ac59-825d5116e605/v2_ECHO_ChainsawAcc_20A0CD91PX_StaticShot1.jpg,0,,,,FALSE,FALSE,FALSE,Corrugate Only,FALSE
286065117,Genuine Echo PB HANDLE ASSY LARGE Part # 1106,2/20/2023 12:44,36,7.43E+11,Echo/Shindaiwa,ECH~001106,1106,,2/20/2023 12:44,12.98,,https://mchenrypowerinc.com/ImageLib/ECH~ECHOPARTSLOGO.JPG,0,,,,FALSE,FALSE,FALSE,Corrugate Only,FALSE
286065137,Genuine Echo PB HANDLE KIT Part # 1107,2/20/2023 12:44,36,7.43E+11,Echo/Shindaiwa,ECH~001107,1107,,2/20/2023 12:44,12.98,,https://mchenrypowerinc.com/ImageLib/ECH~ECHOPARTSLOGO.JPG,0,,,,FALSE,FALSE,FALSE,Corrugate Only,FALSE
228808654,Genuine echo Part O-RING 02301-02402,2/9/2019 13:23,4,Does not apply,Echo/Shindaiwa,ECH~02301-02402,02301-02402,,2/9/2019 13:23,0.72,,https://i.ebayimg.com/00/s/MzM4WDUwMA==/z/iZAAAOSwjjRbabGN/$_57.JPG?set_id=8800005007,0,,,,FALSE,FALSE,FALSE,Corrugate Only,FALSE
286064478,Genuine Shindaiwa HOSE Part # 48116,2/20/2023 12:42,6,Does not apply,Echo/Shindaiwa,ECH~048116,48116,,2/20/2023 12:42,12.89,,https://mchenrypowerinc.com/ImageLib/ECH~ECHOPARTSLOGO.JPG,0,,,,FALSE,FALSE,FALSE,Corrugate Only,FALSE
286065253,Genuine Echo PISTON KIT  HC-1500 Part # 10000006962,2/20/2023 12:44,4,Does not apply,Echo/Shindaiwa,ECH~10000006962,10000006962,,2/20/2023 12:44,60.61,,https://mchenrypowerinc.com/ImageLib/ECH~ECHOPARTSLOGO.JPG,0,,,,FALSE,FALSE,FALSE,Corrugate Only,FALSE
286065284,Genuine Echo PISTON KIT Part # 10000032330,2/20/2023 12:44,4,Does not apply,Echo/Shindaiwa,ECH~10000032330,10000032330,,2/20/2023 12:44,74.78,,https://mchenrypowerinc.com/ImageLib/ECH~ECHOPARTSLOGO.JPG,0,,,,FALSE,FALSE,FALSE,Corrugate Only,FALSE
286065191,Genuine Echo PISTON KIT Part # 10000032432,2/20/2023 12:44,4,Does not apply,Echo/Shindaiwa,ECH~10000032432,10000032432,,2/20/2023 12:44,80.33,,https://mchenrypowerinc.com/ImageLib/ECH~ECHOPARTSLOGO.JPG,0,,,,FALSE,FALSE,FALSE,Corrugate Only,FALSE
286065202,Genuine Echo PISTON KIT Part # 10000034030,2/20/2023 12:44,4,Does not apply,Echo/Shindaiwa,ECH~10000034030,10000034030,,2/20/2023 12:44,0,,https://mchenrypowerinc.com/ImageLib/ECH~ECHOPARTSLOGO.JPG,0,,,,FALSE,FALSE,FALSE,Corrugate Only,FALSE
286065210,Genuine Echo PISTON KIT Part # 10000037331,2/20/2023 12:44,4,Does not apply,Echo/Shindaiwa,ECH~10000037331,10000037331,,2/20/2023 12:44,56.22,,https://mchenrypowerinc.com/ImageLib/ECH~ECHOPARTSLOGO.JPG,0,,,,FALSE,FALSE,FALSE,Corrugate Only,FALSE
286065269,Genuine Echo PISTON KIT CS-3000 CS-303T Part # 10000039130,2/20/2023 12:44,4,Does not apply,Echo/Shindaiwa,ECH~10000039130,10000039130,,2/20/2023 12:44,65.24,,https://mchenrypowerinc.com/ImageLib/ECH~ECHOPARTSLOGO.JPG,0,,,,FALSE,FALSE,FALSE,Corrugate Only,FALSE
286065218,Genuine Echo PISTON KIT Part # 10000039230,2/20/2023 12:44,4,Does not apply,Echo/Shindaiwa,ECH~10000039230,10000039230,,2/20/2023 12:44,67.16,,https://mchenrypowerinc.com/ImageLib/ECH~ECHOPARTSLOGO.JPG,0,,,,FALSE,FALSE,FALSE,Corrugate Only,FALSE
228808825,Genuine echo Part PISTON KIT 10000044331,2/9/2019 13:25,7,Does not apply,Echo/Shindaiwa,ECH~10000044331,10000044331,,2/9/2019 13:25,52.3,,https://i.ebayimg.com/00/s/MzgyWDUxMA==/z/J-UAAOSwSP9bacFI/$_57.JPG?set_id=880000500F,0,,,,FALSE,FALSE,FALSE,Corrugate Only,FALSE
286065226,Genuine Echo PISTON KIT Part # 10000048732,2/20/2023 12:44,4,Does not apply,Echo/Shindaiwa,ECH~10000048732,10000048732,,2/20/2023 12:44,61.98,,https://mchenrypowerinc.com/ImageLib/ECH~ECHOPARTSLOGO.JPG,0,,,,FALSE,FALSE,FALSE,Corrugate Only,FALSE
286065234,Genuine Echo PISTON KIT Part # 10000052130,2/20/2023 12:44,4,Does not apply,Echo/Shindaiwa,ECH~10000052130,10000052130,,2/20/2023 12:44,56.15,,https://mchenrypowerinc.com/ImageLib/ECH~ECHOPARTSLOGO.JPG,0,,,,FALSE,FALSE,FALSE,Corrugate Only,FALSE
286065242,Genuine Echo PISTON KIT Part # 10000060730,2/20/2023 12:44,4,Does not apply,Echo/Shindaiwa,ECH~10000060730,10000060730,,2/20/2023 12:44,0,,https://mchenrypowerinc.com/ImageLib/ECH~ECHOPARTSLOGO.JPG,0,,,,FALSE,FALSE,FALSE,Corrugate Only,FALSE
228808947,"Genuine echo Part RING, PISTON 10001101110",2/9/2019 13:26,1,Does not apply,Echo/Shindaiwa,ECH~10001101110,10001101110,,2/9/2019 13:26,5.95,,https://i.ebayimg.com/00/s/Mjg3WDUxMA==/z/7sMAAOSwvRtbsnEE/$_57.JPG?set_id=880000500F,0,,,,FALSE,FALSE,FALSE,Corrugate Only,FALSE
288329172,"Genuine echo Part RING, PISTON 10001105930",5/10/2023 11:23,4,Does not apply,Echo/Shindaiwa,ECH~10001105930,,,5/10/2023 11:23,0,,http://store-huksz34d42.mybigcommerce.com/product_images/o/300/$_57__39452.jpg,0,,,,FALSE,FALSE,FALSE,Corrugate Only,FALSE
228796340,"Genuine echo Part RING, PISTON 10001108360",2/9/2019 9:19,4,Does not apply,Echo/Shindaiwa,ECH~10001108360,10001108360,,2/9/2019 9:19,7.15,,https://i.ebayimg.com/00/s/MzgyWDUxMA==/z/MuwAAOSwXIhbeyiT/$_57.JPG?set_id=880000500F,0,,,,FALSE,FALSE,FALSE,Corrugate Only,FALSE
228808960,"Genuine echo Part RING, PISTON 10001109560",2/9/2019 13:26,4,Does not apply,Echo/Shindaiwa,ECH~10001109560,10001109560,,2/9/2019 13:26,6.44,,https://i.ebayimg.com/00/s/MzgyWDUxMA==/z/WPUAAOSw1ktbablU/$_57.JPG?set_id=880000500F,0,,,,FALSE,FALSE,FALSE,Corrugate Only,FALSE
228832290,"Genuine Echo / Shindaiwa RING, PISTON Part# 10001110530",2/9/2019 16:55,3,Does not apply,Echo/Shindaiwa,ECH~10001110530,10001110530,,2/9/2019 16:55,5.95,,https://i.ebayimg.com/00/s/MTIwMFgxNjAw/z/7NoAAOSwKOJYIkKa/$_57.JPG?set_id=880000500F,0,,,,FALSE,FALSE,FALSE,Corrugate Only,FALSE
228848331,A&I Brand Gasket and Diaphragm Kit rpls Walbro D10-HD B1WD10HD,2/9/2019 19:31,1,80971136885,A&I PRODUCTS,AIP~B1WD10HD,B1WD10HD,,2/9/2019 19:31,5,,https://mchenrypowerinc.com/ImageLib/AIP/AIP~A-B1WD10HD.jpg,0,,,,FALSE,FALSE,FALSE,Corrugate Only,FALSE
285744673,GENUINE ARIENS GRAVELY WSHRBLVLM10 X 25 X 3.9 ZCMCH Part # 6401005,2/1/2023 17:27,4,,Ariens/Gravely,ARN~06401005,6401005,,2/1/2023 17:27,5,,https://mchenrypowerinc.com/ImageLib/ARN~LOGO.JPG,0,,,,FALSE,FALSE,FALSE,Corrugate Only,FALSE
285746125,GENUINE ARIENS GRAVELY BLT-RIB NECK .31-18X2.50 YWZC Part # 7064600,2/1/2023 17:38,4,,Ariens/Gravely,ARN~07064600,7064600,,2/1/2023 17:38,5,,https://mchenrypowerinc.com/ImageLib/ARN~LOGO.JPG,0,,,,FALSE,FALSE,FALSE,Corrugate Only,FALSE
285730092,GENUINE ARIENS GRAVELY BREATHER TUBE Part # 21110562,2/1/2023 16:01,4,,Ariens/Gravely,ARN~21110562,21110562,,2/1/2023 16:01,5,,HTTPS://mchenrypowerinc.com/ImageLib/ARN~LOGO.JPG,0,,,,FALSE,FALSE,FALSE,Corrugate Only,FALSE
285758062,GENUINE ARIENS GRAVELY RING SEAL Part # 21110585,2/1/2023 18:37,4,,Ariens/Gravely,ARN~21110585,21110585,,2/1/2023 18:37,5,,https://mchenrypowerinc.com/ImageLib/ARN~LOGO.JPG,0,,,,FALSE,FALSE,FALSE,Corrugate Only,FALSE
285759758,GENUINE ARIENS GRAVELY Breather hose Part # 21501729,2/1/2023 18:44,4,,Ariens/Gravely,ARN~21501729,21501729,,2/1/2023 18:44,5,,https://mchenrypowerinc.com/ImageLib/ARN~LOGO.JPG,0,,,,FALSE,FALSE,FALSE,Corrugate Only,FALSE
285730542,GENUINE ARIENS GRAVELY ROD LINK Part # 21563259,2/1/2023 16:04,4,,Ariens/Gravely,ARN~21563259,21563259,,2/1/2023 16:04,5,,HTTPS://mchenrypowerinc.com/ImageLib/ARN~LOGO.JPG,0,,,,FALSE,FALSE,FALSE,Corrugate Only,FALSE
247099877,Genuine Billy Goat FUEL FILTER (110-17-5403) Part # 80025019,2/5/2020 12:33,4,does not apply,Billy Goat,BIL~80025019,80025019,,2/5/2020 12:33,5,,https://mchenrypowerinc.com/ImageLib/BIL~logo.jpg,0,,,,FALSE,FALSE,FALSE,Corrugate Only,FALSE
284847257,Genuine Briggs & Stratton GROMMET Part Number 67608,12/15/2022 8:40,1,24847765779,Briggs & Stratton,BRS~67608,67608,,12/15/2022 8:40,5,,https://mchenrypowerinc.com/ImageLib/BRS~AllBRANDSLOGO.JPG,0,,,,FALSE,FALSE,FALSE,Corrugate Only,FALSE
296351045,Genuine STUD Part# 694869,12/20/2023 8:12,1,24847269802,Briggs & Stratton,BRS~694869,694869,,12/20/2023 8:12,5,,https://mchenrypowerinc.com/ImageLib/BRS~AllBRANDSLOGO.JPG,0,,,,FALSE,FALSE,FALSE,Corrugate Only,FALSE
228807570,"Genuine echo Part COLLAR, 8 V355000310",2/9/2019 13:08,4,Does not apply,Echo/Shindaiwa,ECH~V355000310,V355000310,,2/9/2019 13:08,5,,https://i.ebayimg.com/00/s/Mjg3WDUxMA==/z/WPEAAOSw0JFbabcH/$_57.JPG?set_id=880000500F,0,,,,FALSE,FALSE,FALSE,Corrugate Only,FALSE
228852258,Genuine Kawasaki OEM TUBE Part# 92190-2170,2/9/2019 20:10,7,Does Not Apply,Kawasaki,KAW~92190-2170,92190-2170,,2/9/2019 20:10,5,,https://i.ebayimg.com/00/s/MjU3WDUxMA==/z/eAwAAOSwgClbaKma/$_57.JPG?set_id=880000500F,0,,,,FALSE,FALSE,FALSE,Corrugate Only,FALSE
280646318,Genuine Kawasaki TUBE BREATHER Part# 92192-1769,4/23/2022 18:15,7,DOES NOT APPLY,Kawasaki,KAW~92192-1769,92192-1769,,4/23/2022 18:15,5,,https://mchenrypowerinc.com/ImageLib/KAW~LOGO.JPG,0,,,,FALSE,FALSE,FALSE,Corrugate Only,FALSE
228799208,Genuine OEM Kohler BAFFLE BREATHER part# 235117-S,2/9/2019 9:52,3,87206445453,kohler,KOH~235117-S,235117-S,,2/9/2019 9:52,5,,https://mchenrypowerinc.com/ImageLib/KOH~235117.JPG,0,,,,FALSE,FALSE,FALSE,Corrugate Only,FALSE
294379480,"Genuine Kohler STUD, LP REGULATOR Part# 25 072 28-S",11/29/2023 7:37,2,8.85612E+11,Kohler,KOH~25 072 28-S,25 072 28-S,,11/29/2023 7:37,5,,https://mchenrypowerinc.com/ImageLib/koh~logo.jpg,0,,,,FALSE,FALSE,FALSE,Corrugate Only,FALSE
228798856,Genuine OEM Kohler SPRING part# 25 089 02-S,2/9/2019 9:49,2,87206461743,kohler,KOH~25 089 02-S,25 089 02-S,,2/9/2019 9:49,5,,https://mchenrypowerinc.com/ImageLib/KOH~2508902.JPG,0,,,,FALSE,FALSE,FALSE,Corrugate Only,FALSE
228798620,Genuine OEM Kohler HARNESS EFI DIAGNOSTIC EXTENSI part# 25 176 17-S,2/9/2019 9:46,2,65053154100,kohler,KOH~25 176 17-S,25 176 17-S,,2/9/2019 9:46,5,,https://mchenrypowerinc.com/ImageLib/KOH~2517617.JPG,0,,,,FALSE,FALSE,FALSE,Corrugate Only,FALSE
294379481,"Genuine Kohler DECAL,  35 HP/999cc/CV-CH1000 Part# 62 113 80-S",11/29/2023 7:37,2,88561224611,Kohler,KOH~62 113 80-S,62 113 80-S,,11/29/2023 7:37,5,,https://mchenrypowerinc.com/ImageLib/koh~logo.jpg,0,,,,FALSE,FALSE,FALSE,Corrugate Only,FALSE
233734319,Genuine OEM Kohler PLUG OIL Part# 63 139 02-S,4/12/2019 12:14,3,87206498510,kohler,KOH~63 139 02-S,63 139 02-S,,4/12/2019 12:14,5,,https://mchenrypowerinc.com/ImageLib/KOH~6313902.JPG,0,,,,FALSE,FALSE,FALSE,Corrugate Only,FALSE
264152417,Genuine OEM Kohler DECAL COVER ON Part# 66 113 01-S,3/9/2021 14:26,2,87206502200,kohler,KOH~66 113 01-S,66 113 01-S,,3/9/2021 14:26,5,,https://mchenrypowerinc.com/ImageLib/koh~logo.jpg,0,,,,FALSE,FALSE,FALSE,Corrugate Only,FALSE
228844456,Genuine Sears Crafstman  Part PIN KIT-LIFT CABLE 759-04085,2/9/2019 18:55,9,Does not apply,Sears,MTD~759-04085,759-04085,,2/9/2019 18:55,5,,https://i.ebayimg.com/00/s/MzgyWDUxMA==/z/wmIAAOSwj1haUl0N/$_57.JPG?set_id=880000500F,0,,,,FALSE,FALSE,FALSE,Corrugate Only,FALSE
233918178,Genuine Sears Crafstman  PIN WRIST  Part# 791-181006,4/25/2019 8:41,4,Does Not Apply,Sears,MTD~791-181006,791-181006,,4/25/2019 8:41,5,,https://mchenrypowerinc.com/ImageLib/MTD~791181006.JPG,0,,,,FALSE,FALSE,FALSE,Corrugate Only,FALSE
233913108,Genuine Sears Craftsman GASKET  Part# 921-04742,4/25/2019 8:24,3,Does Not Apply,SEARS,MTD~921-04742,921-04742,,4/25/2019 8:24,5,,https://mchenrypowerinc.com/ImageLib/MTD~92104742.JPG,0,,,,FALSE,FALSE,FALSE,Corrugate Only,FALSE
233913066,Genuine Sears Crafstman  GASKET EXHAUST  Part# 921-04744,4/25/2019 8:24,1,Does Not Apply,SEARS,MTD~921-04744,921-04744,,4/25/2019 8:24,5,,https://mchenrypowerinc.com/ImageLib/MTD~Logo.jpg,0,,,,FALSE,FALSE,FALSE,Corrugate Only,FALSE
233921998,Genuine Sears Crafstman  GASKET AIR FLTER  Part# 921-04745,4/25/2019 8:55,1,Does Not Apply,SEARS,MTD~921-04745,921-04745,,4/25/2019 8:55,5,,https://mchenrypowerinc.com/ImageLib/MTD~Logo.jpg,0,,,,FALSE,FALSE,FALSE,Corrugate Only,FALSE
233913028,Genuine Sears Crafstman  CARBURETOR GASKET  Part# 921-04942,4/25/2019 8:24,3,Does Not Apply,Sears,MTD~921-04942,921-04942,,4/25/2019 8:24,5,,https://mchenrypowerinc.com/ImageLib/MTD~Logo.jpg,0,,,,FALSE,FALSE,FALSE,Corrugate Only,FALSE
233913674,Genuine Sears Craftsman SPRING GOVERNOR  Part# 932-05291,4/25/2019 8:26,2,Does Not Apply,SEARS,MTD~932-05291,932-05291,,4/25/2019 8:26,5,,https://mchenrypowerinc.com/ImageLib/MTD~Logo.jpg,0,,,,FALSE,FALSE,FALSE,Corrugate Only,FALSE
233913314,Genuine Sears Craftsman LEVER CHOKE  Part# 951-14918,4/25/2019 8:25,4,Does Not Apply,SEARS,MTD~951-14918,951-14918,,4/25/2019 8:25,5,,https://mchenrypowerinc.com/ImageLib/MTD~Logo.jpg,0,,,,FALSE,FALSE,FALSE,Corrugate Only,FALSE
233913043,"Genuine Sears Craftsman LEVER CHOKE  Part# 951-14918, 951-14918A",43580.35,4,DOES NOT APPLY,SEARS,MTD~951-14918A,951-14918A,,43580.35,5,,https://mchenrypowerinc.com/ImageLib/MTD~Logo.jpg,0,,,,FALSE,FALSE,FALSE,Corrugate Only,FALSE
233920124,Genuine Sears Crafstman  CHOKE CONTROL  Part# 951-15569,43580.36667,4,Does Not Apply,Sears,MTD~951-15569,951-15569,,43580.36667,5,,https://mchenrypowerinc.com/ImageLib/MTD~Logo.jpg,0,,,,FALSE,FALSE,FALSE,Corrugate Only,FALSE
233915129,Genuine Sears Crafstman  EFI INJECTOR PLUG  Part# 951-15625,43580.35486,6,Does Not Apply,Sears,MTD~951-15625,951-15625,,43580.35486,5,,https://mchenrypowerinc.com/ImageLib/MTD~Logo.jpg,0,,,,FALSE,FALSE,FALSE,Corrugate Only,FALSE
238461946,Fuel Cap RPLS Tecumseh 33032 Part# 125-047,43633.47778,1,23899005239,Stens,STE~125-047,125-047,,43633.47778,5,,https://www.stens.com/product-images/stens-product-images-02-14-2018/125-047_01_Z.jpg,0,,,,FALSE,FALSE,FALSE,Corrugate Only,FALSE
238462008,Dipstick RPLS Honda 15600-ZE1-003 Part# 125-692,43633.47847,1,23899249220,Stens,STE~125-692,125-692,,43633.47847,5,,https://www.stens.com/product-images/stens-product-images-02-14-2018/125-692_01_Z.jpg,0,,,,FALSE,FALSE,FALSE,Corrugate Only,FALSE
228850721,Short Urethane Bushing RPLS Club Car 102956201 Part# 225-845,43505.82986,1,23899348428,Stens,STE~225-845,225-845,,43505.82986,5,,https://i.ebayimg.com/00/s/NTEwWDUxMA==/z/NiwAAOSwaZFbB7vK/$_57.JPG?set_id=880000500F,0,,,,FALSE,FALSE,FALSE,Corrugate Only,FALSE
228791112,Clutch Spring RPLS Snapper 7012122YP Part# 285-544,43505.34653,1,23899028030,Stens,STE~285-544,285-544,,43505.34653,5,,https://i.ebayimg.com/00/s/NTEwWDUxMA==/z/p3gAAOSwxO9cLlkX/$_57.JPG?set_id=880000500F,0,,,,FALSE,FALSE,FALSE,Corrugate Only,FALSE
238461969,Float Valve Kit RPLS  Tecumseh 631021B Part# 525-265,43633.47847,1,23899329304,Stens,STE~525-265,525-265,,43633.47847,5,,https://www.stens.com/product-images/stens-product-images-02-14-2018/525-265_01_Z.jpg,0,,,,FALSE,FALSE,FALSE,Corrugate Only,FALSE
275382704,Genuine OEM Tecumseh CHOKE SHAFT AND SCREWS  Part# LCT03201,44559.64792,7,Does not Apply,Tecumseh/LCT,TEC~03201,3201,,44559.64792,5,,https://mchenrypowerinc.com/ImageLib/tec~logo.jpg,0,,,,FALSE,FALSE,FALSE,Corrugate Only,FALSE
228836159,Genuine OEM Tecumseh OIL SEAL  part # 26208,43505.72986,2,does not apply,Tecumseh/LCT,TEC~26208,26208,,43505.72986,5,,https://mchenrypowerinc.com/ImageLib/TEC~26208.JPG,0,,,,FALSE,FALSE,FALSE,Corrugate Only,FALSE
275382852,Genuine OEM Tecumseh STARTER CUP 369/414CC  Part# LCT46091,44559.64861,7,Does not Apply,Tecumseh/LCT,TEC~46091,46091,,44559.64861,5,,https://mchenrypowerinc.com/ImageLib/tec~logo.jpg,0,,,,FALSE,FALSE,FALSE,Corrugate Only,FALSE
228834024,Genuine Tecumseh   SPACER  Part# 611032,43505.71597,2,does not apply,Tecumseh/LCT,TEC~611032,611032,,43505.71597,5,,https://mchenrypowerinc.com/ImageLib/TEC~611032.JPG,0,,,,FALSE,FALSE,FALSE,Corrugate Only,FALSE
279630264,A-SECTION BELT (4L470)    1/2 X47,44650.51111,5,does not apply,A&I PRODUCTS,AIP~4L470,4L470,,44650.51111,5.01,,https://mchenrypowerinc.com/ImageLib/AIP~BELT.JPG,0,,,,FALSE,FALSE,FALSE,Corrugate Only,FALSE
296338693,Replacement A-SECTION BELT (4L470) Part Number A45,45279.4625,5,DOES NOT APPLY,A&I PRODUCTS,AIP~A45,A45,,45279.4625,5.01,,https://mchenrypowerinc.com/ImageLib/AIP~BELT.JPG,0,,,,FALSE,FALSE,FALSE,Corrugate Only,FALSE
228850063,"Genuine Echo / Shindaiwa LID, CLEANER, BLACK part # 13031305863",43505.825,8,Does not apply,Echo/Shindaiwa,ECH~13031305863,13031305863,,43505.825,5.01,,https://i.ebayimg.com/00/s/NTEwWDMwNw==/z/rvQAAOSwopRYmfuW/$_57.JPG?set_id=880000500F,0,,,,FALSE,FALSE,FALSE,Corrugate Only,FALSE
228808169,"Genuine echo Part HEAT SHIELD, EXHAUST V104002310",43505.55486,4,Does not apply,Echo/Shindaiwa,ECH~V104002310,V104002310,,43505.55486,5.01,,https://i.ebayimg.com/00/s/MzM4WDUwMA==/z/0fIAAOSwk3BbabhC/$_57.JPG?set_id=8800005007,0,,,,FALSE,FALSE,FALSE,Corrugate Only,FALSE
228849590,Genuine Echo / Shindaiwa OIL SEAL Part# V505000020,43505.82153,1,Does not apply,Echo/Shindaiwa,ECH~V505000020,V505000020,,43505.82153,5.01,,https://i.ebayimg.com/00/s/NTEwWDQ5Nw==/z/ZUAAAOSwZdRb0K7E/$_57.JPG?set_id=880000500F,0,,,,FALSE,FALSE,FALSE,Corrugate Only,FALSE
294379482,"Genuine Kohler SPRING, GOVERNOR Part# 18 089 22-S",45259.31736,3,8.85612E+11,Kohler,KOH~18 089 22-S,18 089 22-S,,45259.31736,5.01,,https://mchenrypowerinc.com/ImageLib/koh~logo.jpg,0,,,,FALSE,FALSE,FALSE,Corrugate Only,FALSE
228799622,Genuine OEM Kohler SPRING GOVERNOR part# 18 089 27-S,43505.41389,3,87206438905,kohler,KOH~18 089 27-S,18 089 27-S,,43505.41389,5.01,,https://mchenrypowerinc.com/ImageLib/KOH~1808927.JPG,0,,,,FALSE,FALSE,FALSE,Corrugate Only,FALSE
233730707,Genuine OEM Kohler DECAL 22 HP Part# 32 113 13-S,43567.49097,2,65053138483,kohler,KOH~32 113 13-S,32 113 13-S,,43567.49097,5.01,,https://mchenrypowerinc.com/ImageLib/koh~logo.jpg,0,,,,FALSE,FALSE,FALSE,Corrugate Only,FALSE
233917139,Genuine Sears Crafstman  NUT M14 GB6177  Part# 712-04209,43580.35903,1,Does Not Apply,Sears,MTD~712-04209,712-04209,,43580.35903,5.01,,https://mchenrypowerinc.com/ImageLib/MTD~Logo.jpg,0,,,,FALSE,FALSE,FALSE,Corrugate Only,FALSE
233917887,Genuine Sears Crafstman  FLYWHEEL NUT  Part# 712-04221,43580.36111,4,Does Not Apply,Sears,MTD~712-04221,712-04221,,43580.36111,5.01,,https://mchenrypowerinc.com/ImageLib/MTD~Logo.jpg,0,,,,FALSE,FALSE,FALSE,Corrugate Only,FALSE
233913426,Genuine Sears Crafstman  NUT HEX FLANGE M14  Part# 712-04266,43580.35069,1,Does Not Apply,Sears,MTD~712-04266,712-04266,,43580.35069,5.01,,https://mchenrypowerinc.com/ImageLib/MTD~Logo.jpg,0,,,,FALSE,FALSE,FALSE,Corrugate Only,FALSE
233919106,Genuine Sears Crafstman  NUT  Part# 712-04287,43580.36389,4,Does Not Apply,SEARS,MTD~712-04287,712-04287,,43580.36389,5.01,,https://mchenrypowerinc.com/ImageLib/MTD~71204287.JPG,0,,,,FALSE,FALSE,FALSE,Corrugate Only,FALSE
233912468,Genuine Sears Crafstman  BRACKET MUFFLER LH  Part# 783-04573-4008,43580.34861,5,Does Not Apply,Sears,MTD~783-04573-4008,783-04573-4008,,43580.34861,5.01,,https://mchenrypowerinc.com/ImageLib/MTD~Logo.jpg,0,,,,FALSE,FALSE,FALSE,Corrugate Only,FALSE
233918716,Genuine Sears Crafstman  AIR VALVE CORE  Part# 951-12774,43580.36319,4,Does Not Apply,Sears,MTD~951-12774,951-12774,,43580.36319,5.01,,https://mchenrypowerinc.com/ImageLib/MTD~Logo.jpg,0,,,,FALSE,FALSE,FALSE,Corrugate Only,FALSE
233917597,Genuine Sears Crafstman  BAND ASSEMBLY  Part# IM-198753240,43580.36042,5,Does Not Apply,Sears,MTD~IM-198753240,IM-198753240,,43580.36042,5.01,,https://mchenrypowerinc.com/ImageLib/MTD~Logo.jpg,0,,,,FALSE,FALSE,FALSE,Corrugate Only,FALSE
228791139,Air Filter  RPLS Tecumseh 740059B Part# 100-317,43505.34722,2,23899124442,Stens,STE~100-317,100-317,,43505.34722,5.01,,https://i.ebayimg.com/00/s/NTEwWDUxMA==/z/L-sAAOSwHf5bByql/$_57.JPG?set_id=880000500F,0,,,,FALSE,FALSE,FALSE,Corrugate Only,FALSE
296351068,Genuine NUT Part# 690662,45280.34167,1,24847234541,Briggs & Stratton,BRS~690662,690662,,45280.34167,5.02,,https://mchenrypowerinc.com/ImageLib/BRS~AllBRANDSLOGO.JPG,0,,,,FALSE,FALSE,FALSE,Corrugate Only,FALSE
296351076,Genuine SCREW Part# 690953,45280.34167,1,24847233285,Briggs & Stratton,BRS~690953,690953,,45280.34167,5.02,,https://mchenrypowerinc.com/ImageLib/BRS~AllBRANDSLOGO.JPG,0,,,,FALSE,FALSE,FALSE,Corrugate Only,FALSE
228806797,Genuine echo Part BAND 13034100760,43505.53819,5,Does not apply,Echo/Shindaiwa,ECH~13034100760,13034100760,,43505.53819,5.02,,https://i.ebayimg.com/00/s/MzgyWDUxMA==/z/QhwAAOSwDDRb0J-o/$_57.JPG?set_id=880000500F,0,,,,FALSE,FALSE,FALSE,Corrugate Only,FALSE
228827610,Genuine OEM Hydro-Gear SEAL LIP 17X40X7  Part# 51161,43505.67639,1,Does Not Apply,Hydro-Gear,HYD~51161,51161,,43505.67639,5.02,,https://mchenrypowerinc.com/ImageLib/HYD~51161.jpg,0,,,,FALSE,FALSE,FALSE,Corrugate Only,FALSE
228799827,Genuine OEM Kohler HOSE PRIMER part# 17 326 12-S,43505.41458,2,65053137332,kohler,KOH~17 326 12-S,17 326 12-S,,43505.41458,5.02,,https://mchenrypowerinc.com/ImageLib/KOH~1732612.JPG,0,,,,FALSE,FALSE,FALSE,Corrugate Only,FALSE
294379483,Genuine Kohler ROCKER ARM Part# 19 186 04-S,45259.31736,5,8.85613E+11,Kohler,KOH~19 186 04-S,19 186 04-S,,45259.31736,5.02,,https://mchenrypowerinc.com/ImageLib/koh~logo.jpg,0,,,,FALSE,FALSE,FALSE,Corrugate Only,FALSE
228827373,Genuine OEM Kohler SCREW part# 25 086 12-S,43505.675,3,87206461033,kohler,KOH~25 086 12-S,25 086 12-S,,43505.675,5.02,,https://mchenrypowerinc.com/ImageLib/KOH~2508612.JPG,0,,,,FALSE,FALSE,FALSE,Corrugate Only,FALSE
228827426,Genuine OEM Kohler NUT part# 52 100 09-S,43505.675,2,87206490033,kohler,KOH~52 100 09-S,52 100 09-S,,43505.675,5.02,,https://mchenrypowerinc.com/ImageLib/KOH~5210009.JPG,0,,,,FALSE,FALSE,FALSE,Corrugate Only,FALSE
228797944,Genuine OEM Kohler O RING part# 52 153 01-S,43505.40208,2,87206491092,kohler,KOH~52 153 01-S,52 153 01-S,,43505.40208,5.02,,https://mchenrypowerinc.com/ImageLib/KOH~5215301.JPG,0,,,,FALSE,FALSE,FALSE,Corrugate Only,FALSE
285384572,Genuine Sears Crafstman FLANGE NUT - 5/8-1 Part# 712-05203,44946.47986,4,DOES NOT APPLY,Sears,MTD~712-05203,712-05203,,44946.47986,5.02,,https://mchenrypowerinc.com/ImageLib/MTD~Logo.jpg,0,,,,FALSE,FALSE,FALSE,Corrugate Only,FALSE
233919511,Genuine Sears Crafstman  GOVERNOR RETURN SP  Part# 951-10915,43580.36528,4,Does Not Apply,Sears,MTD~951-10915,951-10915,,43580.36528,5.02,,https://mchenrypowerinc.com/ImageLib/MTD~Logo.jpg,0,,,,FALSE,FALSE,FALSE,Corrugate Only,FALSE
233919404,Genuine Sears Crafstman  BOLT M6X90  Part# IM-010700690,43580.36458,4,Does Not Apply,Sears,MTD~IM-010700690,IM-010700690,,43580.36458,5.02,,https://mchenrypowerinc.com/ImageLib/MTD~Logo.jpg,0,,,,FALSE,FALSE,FALSE,Corrugate Only,FALSE
228800421,"Genuine Oregon Edger Blade, 9"""" x 2"""" rpls HUSQVARNA 740297 40-402",43505.42014,28,Does Not Apply,Oregon,OEP~40-402,40-402,,43505.42014,5.02,,https://mchenrypowerinc.com/ImageLib/OEP~LOGO.JPG,0,,,,FALSE,FALSE,FALSE,Corrugate Only,FALSE
228800428,"Genuine Oregon  Edger Blade, 9in. x 2in. Part# 40-411",43505.42014,9,32488404117,Oregon,OEP~40-411,40-411,,43505.42014,5.02,,https://mchenrypowerinc.com/ImageLib/OEP~40-411.JPG,0,,,,FALSE,FALSE,FALSE,Corrugate Only,FALSE
228798206,Genuine Oregon Muffler Gasket - Honda rpls Honda 18333-ZK6-Y00 50-426,43505.40417,2,32488504268,Oregon,OEP~50-426,50-426,,43505.40417,5.02,,https://mchenrypowerinc.com/ImageLib/OEP~50-426.JPG,0,,,,FALSE,FALSE,FALSE,Corrugate Only,FALSE
269075186,Fuel Valve Assembly RPLS Ford/New Holland APN9194 Part# 1103-3388,44389.63542,2,Does not Apply,Stens,STE~1103-3388,1103-3388,,44389.63542,5.02,,https://mchenrypowerinc.com/ImageLib/STE~1103-3388_Z.jpg,0,,,,FALSE,FALSE,FALSE,Corrugate Only,FALSE
269075191,Spring Seat RPLS Ford/New Holland 8N3518GV Part# 1104-4078,44389.63542,2,Does not Apply,Stens,STE~1104-4078,1104-4078,,44389.63542,5.02,,https://mchenrypowerinc.com/ImageLib/STE~1104-4078_Z.jpg,0,,,,FALSE,FALSE,FALSE,Corrugate Only,FALSE
238461974,Starter Drive Gear RPLS Briggs & Stratton 695708 Part# 150-292,43633.47847,1,23899315611,Stens,STE~150-292,150-292,,43633.47847,5.02,,https://www.stens.com/product-images/stens-product-images-02-14-2018/150-292_01_Z.jpg,0,,,,FALSE,FALSE,FALSE,Corrugate Only,FALSE
297596132,Brake Plate For CaseIH 1981187C1,45307.61111,108,Does not Apply,Stens,STE~1702-0907,1702-0907,,45307.61111,5.02,,http://store-huksz34d42.mybigcommerce.com/product_images/q/354/STE~1702-0907_Z__13975.jpg,0,,,,FALSE,FALSE,FALSE,Corrugate Only,FALSE
297596462,Tooth replaces  Part # 3013-8139,45307.61389,4,23899508259,Stens,STE~3013-8139,3013-8139,,45307.61389,5.02,,http://store-huksz34d42.mybigcommerce.com/product_images/b/802/3013-8139_01_Z__75972.jpg,0,,,,FALSE,FALSE,FALSE,Corrugate Only,FALSE
228838613,Genuine OEM AIP Replacement PIX Belt fits SNAPPER A-12354 12354,43505.74653,1,does not apply,A&I PRODUCTS,AIP~12354,12354,,43505.74653,5.03,,https://mchenrypowerinc.com/ImageLib/AIP/AIP~A-12354(1).jpg,0,,,,FALSE,FALSE,FALSE,Corrugate Only,FALSE
228847670,"Genuine A&I Products Wheel Bushing, Fits Fits Ariens 05505800 B1SB3305",43505.80903,4,does not apply,A&I PRODUCTS,AIP~B1SB3305,B1SB3305,,43505.80903,5.03,,https://mchenrypowerinc.com/ImageLib/AIP/AIP~A-B1SB3305.jpg,0,,,,FALSE,FALSE,FALSE,Corrugate Only,FALSE
297267888,AYP Sears Husqvarna Jonsered OEM TANK CAP ASSEMBLY  part# 544111202,45300.52778,1,Does Not Apply,Husqvarna,AYP~544111202,544111202,,45300.52778,5.03,,http://store-huksz34d42.mybigcommerce.com/product_images/t/810/ayp~logo__41468.jpg,0,,,,FALSE,FALSE,FALSE,Corrugate Only,FALSE
297267841,Genuine AYP SEARS HUSQVARNA TANK CAP ASSY Part# 544111204,45300.52778,3,Does Not Apply,Husqvarna,AYP~544111204,544111204,,45300.52778,5.03,,http://store-huksz34d42.mybigcommerce.com/product_images/y/116/$_57__58650.jpg,0,,,,FALSE,FALSE,FALSE,Corrugate Only,FALSE
228851822,Genuine Kawasaki OEM BRACKET Part# 11053-2100,43505.83681,10,Does Not Apply,Kawasaki,KAW~11053-2100,11053-2100,,43505.83681,5.03,,https://i.ebayimg.com/00/s/MjU3WDUxMA==/z/7dsAAOSwZkNZvG57/$_57.JPG?set_id=880000500F,0,,,,FALSE,FALSE,FALSE,Corrugate Only,FALSE
228853302,Genuine Kawasaki OEM GASKETMUFFLER Part# 11061-2078,43505.84722,4,Does Not Apply,Kawasaki,KAW~11061-2078,11061-2078,,43505.84722,5.03,,https://i.ebayimg.com/00/s/MjU3WDUxMA==/z/gdkAAOSwrK1baKr-/$_57.JPG?set_id=880000500F,0,,,,FALSE,FALSE,FALSE,Corrugate Only,FALSE
228818503,Genuine Kawasaki OEM WIRE-LEAD Part# 26011-2306,43505.625,5,Does Not Apply,Kawasaki,KAW~26011-2306,26011-2306,,43505.625,5.03,,https://i.ebayimg.com/00/s/MjU3WDUxMA==/z/RoQAAOSwHW1baKxW/$_57.JPG?set_id=880000500F,0,,,,FALSE,FALSE,FALSE,Corrugate Only,FALSE
228820898,Genuine Kawasaki OEM TUBE3X6X80 Part# 92192-2152,43505.63542,1,Does Not Apply,Kawasaki,KAW~92192-2152,92192-2152,,43505.63542,5.03,,https://i.ebayimg.com/00/s/MjU3WDUxMA==/z/ug0AAOSwf6pbaKnl/$_57.JPG?set_id=880000500F,0,,,,FALSE,FALSE,FALSE,Corrugate Only,FALSE
233918754,Genuine Sears Craftsman SCREW HEX CAP 1/2  Part# 710-04186,43580.36319,4,Does Not Apply,SEARS,MTD~710-04186,710-04186,,43580.36319,5.03,,https://mchenrypowerinc.com/ImageLib/MTD~71004186.JPG,0,,,,FALSE,FALSE,FALSE,Corrugate Only,FALSE
228843236,Genuine Sears Crafstman  Part BOLT-CARRIAGE 710-0487,43505.78125,6,Does not apply,SEARS,MTD~710-0487,710-0487,,43505.78125,5.03,,https://mchenrypowerinc.com/ImageLib/MTD~7100487.JPG,0,,,,FALSE,FALSE,FALSE,Corrugate Only,FALSE
233917565,Genuine Sears Crafstman  KEY HI PRO #A 1/4  Part# 714-0113,43580.36042,4,Does Not Apply,Sears,MTD~714-0113,714-0113,,43580.36042,5.03,,https://mchenrypowerinc.com/ImageLib/MTD~7140113.JPG,0,,,,FALSE,FALSE,FALSE,Corrugate Only,FALSE
233919805,Genuine Sears Crafstman  FOAM TAPE 75 WIDE  Part# 721-04388,43580.36597,1,Does Not Apply,SEARS,MTD~721-04388,721-04388,,43580.36597,5.03,,https://mchenrypowerinc.com/ImageLib/MTD~Logo.jpg,0,,,,FALSE,FALSE,FALSE,Corrugate Only,FALSE
228843801,Genuine Sears Crafstman GASKET-EXHAUST Parts#,43505.78472,9,Does not apply,SEARS,MTD~721-0460,721P0460,,43505.78472,5.03,,https://mchenrypowerinc.com/ImageLib/MTD~7210460.JPG,0,,,,FALSE,FALSE,FALSE,Corrugate Only,FALSE
285231349,"Genuine Sears Crafstman GASKET-EXHAUST Parts#, 721P0460",44936.35694,1,DOES NOT APPLY,SEARS,MTD~721P0460,721P0460,,44936.35694,5.03,,https://mchenrypowerinc.com/ImageLib/MTD~7210460.JPG,0,,,,FALSE,FALSE,FALSE,Corrugate Only,FALSE
233905870,Genuine Sears Crafstman  STARTER COVER GRD  Part# 753-06364,43580.33264,60,Does Not Apply,Sears,MTD~753-06364,753-06364,,43580.33264,5.03,,https://mchenrypowerinc.com/ImageLib/MTD~Logo.jpg,0,,,,FALSE,FALSE,FALSE,Corrugate Only,FALSE
233917297,Genuine Sears Crafstman  STRAP BRAKE SHAFT  Part# 783-05940,43580.35972,2,Does Not Apply,SEARS,MTD~783-05940,783-05940,,43580.35972,5.03,,https://mchenrypowerinc.com/ImageLib/MTD~Logo.jpg,0,,,,FALSE,FALSE,FALSE,Corrugate Only,FALSE
233910458,Genuine Sears Crafstman  SPINDLE PLATE  Part# 787-01505,43580.34375,33,Does Not Apply,Sears,MTD~787-01505,787-01505,,43580.34375,5.03,,https://mchenrypowerinc.com/ImageLib/MTD~Logo.jpg,0,,,,FALSE,FALSE,FALSE,Corrugate Only,FALSE
228845139,Genuine Sears Crafstman  Part SCREW-SHLDR 3 938-0952A,43505.79306,6,Does not apply,SEARS,MTD~938-0952A,938-0952A,,43505.79306,5.03,,https://mchenrypowerinc.com/ImageLib/MTD~9380952A.JPG,0,,,,FALSE,FALSE,FALSE,Corrugate Only,FALSE
233915780,Genuine Sears Crafstman  BREATHER COVER PLATE  Part# 951-11728,43580.35625,5,Does Not Apply,Sears,MTD~951-11728,951-11728,,43580.35625,5.03,,https://mchenrypowerinc.com/ImageLib/MTD~Logo.jpg,0,,,,FALSE,FALSE,FALSE,Corrugate Only,FALSE
233921072,Genuine Sears Crafstman  PRIMER HOSE  Part# 951-12019A,43580.36944,2,Does Not Apply,SEARS,MTD~951-12019A,951-12019A,,43580.36944,5.03,,https://mchenrypowerinc.com/ImageLib/MTD~Logo.jpg,0,,,,FALSE,FALSE,FALSE,Corrugate Only,FALSE
233920388,Genuine Sears Crafstman  FUEL BOWL O RING  Part# 951-12304,43580.36736,1,Does Not Apply,SEARS,MTD~951-12304,951-12304,,43580.36736,5.03,,https://mchenrypowerinc.com/ImageLib/MTD~95112304.JPG,0,,,,FALSE,FALSE,FALSE,Corrugate Only,FALSE
